Segment,CustomerID,Genre,Age,Annual_Income_(k$),Spending_Score,Cluster
High Income Low Spenders,160.55263157894737,0.5,39.36842105263158,86.5,19.57894736842105,3.0
Older Moderate Spenders,69.41538461538461,0.5692307692307692,53.98461538461538,47.707692307692305,39.96923076923077,0.0
VIP Customers,161.025,0.55,32.875,86.1,81.525,1.0
Young High Spenders,53.43859649122807,0.5964912280701754,25.43859649122807,40.0,60.29824561403509,2.0
